tag,drug_id,conc,intensity
L16-D7-S,1625,0.0100052698506632,24089
UN-USED,-1,,23890
L144-D3-S,1463,1.00017563084078,37032
UN-USED,-1,,50972
UN-USED,-1,,27872
