Gene,MSE
mstn,8.102374868735854
bambi,8.128816099591512
tmt1a,8.138640228363649
