Gene,MSE
brca1,1.8609506944444458
brca2,1.9246012900000091
tp53,1.9246012900000091
egfr,1.9246012900000091
